<?xml version="1.0" encoding="UTF-8"?>
<project-private xmlns="http://www.netbeans.org/ns/project-private/1">
    <editor-bookmarks xmlns="http://www.netbeans.org/ns/editor-bookmarks/2" lastBookmarkId="0"/>
    <open-files xmlns="http://www.netbeans.org/ns/projectui-open-files/2">
        <group>
            <file>file:/C:/xampp/htdocs/myproject/user-worker-booking.php</file>
            <file>file:/C:/xampp/htdocs/myproject/ufeedback.php</file>
            <file>file:/C:/xampp/htdocs/myproject/ucp.php</file>
            <file>file:/C:/xampp/htdocs/myproject/admin/worker.php</file>
            <file>file:/C:/xampp/htdocs/myproject/user-worker-booking-display.php</file>
            <file>file:/C:/xampp/htdocs/myproject/worker-view-feedback.php</file>
            <file>file:/C:/xampp/htdocs/myproject/uhome.php</file>
            <file>file:/C:/xampp/htdocs/myproject/service.php</file>
            <file>file:/C:/xampp/htdocs/myproject/sub-service2.php</file>
            <file>file:/C:/xampp/htdocs/myproject/worker-view-payment.php</file>
            <file>file:/C:/xampp/htdocs/myproject/worker-login.php</file>
            <file>file:/C:/xampp/htdocs/myproject/uaccount.php</file>
            <file>file:/C:/xampp/htdocs/myproject/uedit.php</file>
            <file>file:/C:/xampp/htdocs/myproject/worker-view-booking.php</file>
            <file>file:/C:/xampp/htdocs/myproject/contact.php</file>
            <file>file:/C:/xampp/htdocs/myproject/sub-service1.php</file>
            <file>file:/C:/xampp/htdocs/myproject/search-worker.php</file>
        </group>
    </open-files>
</project-private>
